{"cameraMode":{"drawMode":0,"name":"Shaded","section":"Shading Mode"},"sceneLighting":false,"audioPlay":false,"sceneViewState":{"m_AlwaysRefresh":false,"showFog":true,"showSkybox":false,"showFlares":true,"showImageEffects":true,"showParticleSystems":true,"showVisualEffectGraphs":true,"m_FxEnabled":true},"in2DMode":false,"pivot":{"x":-3.147418737411499,"y":3.1288185119628908,"z":3.0152125358581545},"rotation":{"x":-0.00017563847359269857,"y":0.9952784776687622,"z":-0.0018011811189353467,"w":-0.09704601764678955},"size":1.6158252954483033,"orthographic":false}